﻿<?xml version="1.0" encoding="utf-8"?>
<deployment>
  <id>23b743bd-dc70-474d-8ef4-4e7cc3aaca6b</id>
  <author>N/A</author>
  <deployer>GITHUB_ZIP_DEPLOY</deployer>
  <authorEmail>N/A</authorEmail>
  <message>{"type":"deployment","sha":"2d3e61034cc4ce7a542ce611d342c94b775a82b8","repoName":"yamaken999/timesheet-api","actor":"yamaken999","slotName":"production","commitMessage":""}</message>
  <progress></progress>
  <status>Success</status>
  <statusText></statusText>
  <lastSuccessEndTime>2025-09-02T14:04:16.3558255Z</lastSuccessEndTime>
  <receivedTime>2025-09-02T14:01:35.1802122Z</receivedTime>
  <startTime>2025-09-02T14:01:36.5142148Z</startTime>
  <endTime>2025-09-02T14:04:16.3558255Z</endTime>
  <complete>True</complete>
  <is_temp>False</is_temp>
  <is_readonly>True</is_readonly>
  <buildSummary />
</deployment>