<step title="BackgroundTrace" date="2025-09-03T04:58:56.217" instance="754247" url="/api/zipdeploy" method="POST" >
  <step title="Cleanup Xml Logs" date="2025-09-03T04:58:56.222" /><!-- duration: 10ms -->
  <step title="Creating temporary deployment - FetchDeploymentManager" date="2025-09-03T04:58:56.318" /><!-- duration: 4ms -->
  <step title="Creating temporary deployment" date="2025-09-03T04:58:56.327" /><!-- duration: 62ms -->
  <step title="Performing fetch based deployment" date="2025-09-03T04:58:56.458" >
    <step title="Cleaning up temp folders from previous zip deployments and extracting pushed zip file /tmp/zipdeploy/5aec4f77-726c-43df-92c1-e22c561e0c4c.zip (62.09 MB) to /tmp/zipdeploy/extracted" date="2025-09-03T04:58:57.645" >
      <step title="ChmodRecursive Process exited with total time taken in ms: 239" date="2025-09-03T04:59:02.740" /><!-- duration: 5ms -->
    </step><!-- duration: 5108ms -->
    <step title="Deployment timer started" date="2025-09-03T04:59:04.767" >
      <step title="DeploymentManager.Deploy(id:020e7313-f631-4008-861f-8cfe53fe6bc2)" date="2025-09-03T04:59:04.774" >
        <step title="Collecting changeset information" date="2025-09-03T04:59:04.805" /><!-- duration: 99ms -->
        <step title="Updating submodules" date="2025-09-03T04:59:04.914" /><!-- duration: 1154ms -->
        <step title="Determining deployment builder" date="2025-09-03T04:59:06.316" >
          <step title="Builder is BasicBuilder" date="2025-09-03T04:59:06.331" /><!-- duration: 5ms -->
        </step><!-- duration: 24ms -->
        <step title="PreDeployment: context.CleanOutputPath False" date="2025-09-03T04:59:06.392" >
          <step title="PreDeployment: context.OutputPath /home/site/wwwroot" date="2025-09-03T04:59:06.509" >
            <step title="Building" date="2025-09-03T04:59:06.674" >
              <step title="Executing external process" date="2025-09-03T04:59:07.070" type="process" path="starter.sh" arguments="/opt/Kudu/Scripts/parallel_rsync.sh /tmp/zipdeploy/extracted /home/site/wwwroot 8 /tmp/ False True  " >
                <step title="Cpu: rsync(849,0.620s)+rsync(843,0.180s)+rsync(822,0.400s)+bash(820,0.000s)+rsync(844,0.570s)+rsync(838,0.160s)+rsync(824,0.350s)+bash(821,0.000s)+rsync(847,0.730s)+rsync(842,0.170s)+rsync(826,0.780s)+bash(823,0.000s)+rsync(846,0.660s)+rsync(837,0.180s)+rsync(828,0.500s)+bash(825,0.000s)+rsync(851,0.660s)+rsync(836,0.170s)+rsync(830,0.460s)+bash(827,0.000s)+rsync(850,0.650s)+rsync(839,0.180s)+rsync(834,0.480s)+bash(829,0.000s)+rsync(845,0.560s)+rsync(840,0.160s)+rsync(833,0.360s)+bash(831,0.000s)+rsync(848,0.660s)+rsync(841,0.160s)+rsync(835,0.580s)+bash(832,0.000s)+xargs(819,0.000s)+parallel_rsync.sh(811,0.000s)=total(10.380s)" date="2025-09-03T05:00:08.152" /><!-- duration: 21ms -->
                <step title="starter.sh: no io activity for 61s, prev-cpu=-1.000s, current-cpu=10.380s" date="2025-09-03T05:00:08.183" /><!-- duration: 11ms -->
              </step><!-- duration: 140668ms -->
              <step title="Triggering recycle (preview mode disabled)." date="2025-09-03T05:01:28.029" /><!-- duration: 6ms -->
              <step title="Modified file to trigger a restart of the app container." date="2025-09-03T05:01:28.072" /><!-- duration: 6ms -->
              <step title="Skip function trigger and logicapp sync because function is not enabled." date="2025-09-03T05:01:28.089" /><!-- duration: 5ms -->
            </step><!-- duration: 142142ms -->
          </step><!-- duration: 142318ms -->
          <step title="Cleaning up temp files" date="2025-09-03T05:01:28.831" /><!-- duration: 11ms -->
          <step title="Cleaning up temp files" date="2025-09-03T05:01:28.847" /><!-- duration: 507ms -->
          <step title="Reloading status file with latest updates" date="2025-09-03T05:01:29.384" >
            <step title="WebHooksManager.PublishEventAsync: PostDeployment" date="2025-09-03T05:01:29.390" /><!-- duration: 72ms -->
          </step><!-- duration: 82ms -->
          <step title="Cleaning up temporary deployment - fetch deployment was successful" date="2025-09-03T05:01:29.474" /><!-- duration: 6ms -->
        </step><!-- duration: 143178ms -->
      </step><!-- duration: 144826ms -->
