﻿<?xml version="1.0" encoding="utf-8"?>
<deployment>
  <id>020e7313-f631-4008-861f-8cfe53fe6bc2</id>
  <author>N/A</author>
  <deployer>GITHUB_ZIP_DEPLOY</deployer>
  <authorEmail>N/A</authorEmail>
  <message>{"type":"deployment","sha":"3a55cb57d8a60838113e6a44ba7b8ec744f9014a","repoName":"yamaken999/timesheet-api","actor":"yamaken999","slotName":"production","commitMessage":"fix: startup.shで依存関係を確実にインストール"}</message>
  <progress></progress>
  <status>Success</status>
  <statusText></statusText>
  <lastSuccessEndTime>2025-09-03T05:01:28.4770661Z</lastSuccessEndTime>
  <receivedTime>2025-09-03T04:59:04.8348071Z</receivedTime>
  <startTime>2025-09-03T04:59:06.2373201Z</startTime>
  <endTime>2025-09-03T05:01:28.4770661Z</endTime>
  <complete>True</complete>
  <is_temp>False</is_temp>
  <is_readonly>True</is_readonly>
  <buildSummary />
</deployment>