<step title="Incoming Request" date="2025-09-02T14:01:16.107" instance="b87797" url="/api/zipdeploy?isAsync=true&amp;deployer=GITHUB_ZIP_DEPLOY&amp;message=%7B%22type%22%3A%22deployment%22%2C%22sha%22%3A%222d3e61034cc4ce7a542ce611d342c94b775a82b8%22%2C%22repoName%22%3A%22yamaken999%2Ftimesheet-api%22%2C%22actor%22%3A%22yamaken999%22%2C%22slotName%22%3A%22production%22%2C%22commitMessage%22%3A%22%22%7D" method="POST" type="request" pid="768,1,19" Host="timesheet-api-prod.scm.azurewebsites.net" User-Agent="GITHUBACTIONS_DeployWebAppToAzure_8ca81639db1c2f6d6179317ff3d4f597c63e38502e1b78eeaec4ede361b28707" Authorization="Bas..." Content-Type="application/octet-stream" Cookie="ARRAffinity=b8779792bf5e7cf4b984554908c3c0021c0fdcdbaa885449a44b225f5612f509;Path=/;HttpOnly;Secure;Domain=timesheet-api-prod.scm.azurewebsites.net; ARRAffinitySameSite=b8779792bf5e7cf4b984554908c3c0021c0fdcdbaa885449a44b225f5612f509;Path=/;HttpOnly;SameSite=None;Secure;Domain=timesheet-api-prod.scm.azurewebsites.net" Transfer-Encoding="chunked" X-ARR-LOG-ID="d8b5945c-1ab6-4e3e-9175-bf824258994c" CLIENT-IP="64.236.133.197:32809" X-SITE-DEPLOYMENT-ID="timesheet-api-prod" WAS-DEFAULT-HOSTNAME="timesheet-api-prod.scm.azurewebsites.net" X-Forwarded-Proto="https" X-AppService-Proto="https" X-Forwarded-TlsVersion="1.3" X-WAWS-Unencoded-URL="/api/zipdeploy?isAsync=true&amp;deployer=GITHUB_ZIP_DEPLOY&amp;message=%7B%22type%22%3A%22deployment%22%2C%22sha%22%3A%222d3e61034cc4ce7a542ce611d342c94b775a82b8%22%2C%22repoName%22%3A%22yamaken999%2Ftimesheet-api%22%2C%22actor%22%3A%22yamaken999%22%2C%22slotName%22%3A%22production%22%2C%22commitMessage%22%3A%22%22%7D" X-Client-IP="64.236.133.197" X-Client-Port="32809" >
  <step title="Cleanup Xml Logs" date="2025-09-02T14:01:16.109" /><!-- duration: 4ms -->
  <step title="ZipPushDeploy" date="2025-09-02T14:01:16.525" >
    <step title="ZipDeploy. Extract zip." date="2025-09-02T14:01:16.542" /><!-- duration: 4ms -->
    <step title="None repository commit" date="2025-09-02T14:01:16.556" >
      <step title="Commit id: 23b743bd-dc70-474d-8ef4-4e7cc3aaca6b" date="2025-09-02T14:01:16.559" Message="N/A" AuthorName="N/A" AuthorEmail="N/A" /><!-- duration: 3ms -->
    </step><!-- duration: 7ms -->
    <step title="Starting PushDeployAsync" date="2025-09-02T14:01:16.567" /><!-- duration: 3ms -->
    <step title="Writing artifact to /tmp/zipdeploy/0743b5d5-fbac-4986-979d-89c04ca17b1d.zip" date="2025-09-02T14:01:16.585" >
      <step title="Writing multipart request body to /tmp/zipdeploy/0743b5d5-fbac-4986-979d-89c04ca17b1d.zip" date="2025-09-02T14:01:16.588" /><!-- duration: 2ms -->
    </step><!-- duration: 2975ms -->
    <step title="Start deployment in the background" date="2025-09-02T14:01:19.627" >
      <step title="Acquiring Deployment Lock" date="2025-09-02T14:01:19.686" /><!-- duration: 2ms -->
      <step title="Acquired Deployment Lock" date="2025-09-02T14:01:19.798" /><!-- duration: 3ms -->
    </step><!-- duration: 292ms -->
  </step><!-- duration: 3421ms -->
  <step title="Outgoing response" date="2025-09-02T14:01:19.965" type="response" statusCode="202" statusText="Accepted" /><!-- duration: 2ms -->
</step><!-- duration: 3862ms -->
