<step title="Incoming Request" date="2025-09-03T14:46:07.391" instance="1b2d4d" url="/api/zipdeploy?isAsync=true&amp;deployer=GITHUB_ZIP_DEPLOY&amp;message=%7B%22type%22%3A%22deployment%22%2C%22sha%22%3A%223b525cce128cdd4ff1fcaa84336279ea7b0c8791%22%2C%22repoName%22%3A%22yamaken999%2Ftimesheet-api%22%2C%22actor%22%3A%22yamaken999%22%2C%22slotName%22%3A%22production%22%2C%22commitMessage%22%3A%22feat%3A%20add%20%2Fholidays%20API%20endpoint%22%7D" method="POST" type="request" pid="768,1,88" Host="timesheet-api-prod.scm.azurewebsites.net" User-Agent="GITHUBACTIONS_DeployWebAppToAzure_8ca81639db1c2f6d6179317ff3d4f597c63e38502e1b78eeaec4ede361b28707" Authorization="Bas..." Content-Type="application/octet-stream" Cookie="ARRAffinity=1b2d4ddc5c33dd122430958a08e7979805a1fd99794b1ec910c75e3efba888cb;Path=/;HttpOnly;Secure;Domain=timesheet-api-prod.scm.azurewebsites.net; ARRAffinitySameSite=1b2d4ddc5c33dd122430958a08e7979805a1fd99794b1ec910c75e3efba888cb;Path=/;HttpOnly;SameSite=None;Secure;Domain=timesheet-api-prod.scm.azurewebsites.net" Transfer-Encoding="chunked" X-ARR-LOG-ID="dae80d2d-c39f-471d-b7a7-c50b6d9effac" CLIENT-IP="20.55.118.197:4097" X-SITE-DEPLOYMENT-ID="timesheet-api-prod" WAS-DEFAULT-HOSTNAME="timesheet-api-prod.scm.azurewebsites.net" X-Forwarded-Proto="https" X-AppService-Proto="https" X-Forwarded-TlsVersion="1.3" X-WAWS-Unencoded-URL="/api/zipdeploy?isAsync=true&amp;deployer=GITHUB_ZIP_DEPLOY&amp;message=%7B%22type%22%3A%22deployment%22%2C%22sha%22%3A%223b525cce128cdd4ff1fcaa84336279ea7b0c8791%22%2C%22repoName%22%3A%22yamaken999%2Ftimesheet-api%22%2C%22actor%22%3A%22yamaken999%22%2C%22slotName%22%3A%22production%22%2C%22commitMessage%22%3A%22feat%3A%20add%20%2Fholidays%20API%20endpoint%22%7D" X-Client-IP="20.55.118.197" X-Client-Port="4097" >
  <step title="Cleanup Xml Logs" date="2025-09-03T14:46:07.401" /><!-- duration: 19ms -->
  <step title="ZipPushDeploy" date="2025-09-03T14:46:07.464" >
    <step title="ZipDeploy. Extract zip." date="2025-09-03T14:46:07.479" /><!-- duration: 4ms -->
    <step title="Starting PushDeployAsync" date="2025-09-03T14:46:07.491" /><!-- duration: 4ms -->
    <step title="Writing artifact to /tmp/zipdeploy/c34d6a89-fb08-41bc-a07c-dc1116ad4bf3.zip" date="2025-09-03T14:46:07.509" >
      <step title="Writing multipart request body to /tmp/zipdeploy/c34d6a89-fb08-41bc-a07c-dc1116ad4bf3.zip" date="2025-09-03T14:46:07.514" /><!-- duration: 4ms -->
    </step><!-- duration: 3690ms -->
    <step title="Start deployment in the background" date="2025-09-03T14:46:11.223" >
      <step title="Acquiring Deployment Lock" date="2025-09-03T14:46:11.481" /><!-- duration: 5ms -->
      <step title="Acquired Deployment Lock" date="2025-09-03T14:46:11.546" /><!-- duration: 5ms -->
    </step><!-- duration: 440ms -->
  </step><!-- duration: 4207ms -->
  <step title="Outgoing response" date="2025-09-03T14:46:11.676" type="response" statusCode="202" statusText="Accepted" /><!-- duration: 5ms -->
</step><!-- duration: 4294ms -->
