<step title="Incoming Request" date="2025-09-03T14:48:53.812" instance="1b2d4d" url="/api/deployments/latest?deployer=GITHUB_ZIP_DEPLOY&amp;time=2025-09-03_14-46-11Z" method="GET" type="request" pid="768,1,22" Host="timesheet-api-prod.scm.azurewebsites.net" User-Agent="GITHUBACTIONS_DeployWebAppToAzure_8ca81639db1c2f6d6179317ff3d4f597c63e38502e1b78eeaec4ede361b28707" Authorization="Bas..." Content-Type="application/json; charset=utf-8" Cookie="ARRAffinity=1b2d4ddc5c33dd122430958a08e7979805a1fd99794b1ec910c75e3efba888cb;Path=/;HttpOnly;Secure;Domain=timesheet-api-prod.scm.azurewebsites.net; ARRAffinitySameSite=1b2d4ddc5c33dd122430958a08e7979805a1fd99794b1ec910c75e3efba888cb;Path=/;HttpOnly;SameSite=None;Secure;Domain=timesheet-api-prod.scm.azurewebsites.net" Content-Length="0" X-ARR-LOG-ID="d8b29b59-f22c-4297-940d-b1b74fff6a88" CLIENT-IP="20.55.118.197:4098" X-SITE-DEPLOYMENT-ID="timesheet-api-prod" WAS-DEFAULT-HOSTNAME="timesheet-api-prod.scm.azurewebsites.net" X-Forwarded-Proto="https" X-AppService-Proto="https" X-Forwarded-TlsVersion="1.3" X-WAWS-Unencoded-URL="/api/deployments/latest?deployer=GITHUB_ZIP_DEPLOY&amp;time=2025-09-03_14-46-11Z" X-Client-IP="20.55.118.197" X-Client-Port="4098" >
  <step title="Cleanup Xml Logs" date="2025-09-03T14:48:53.821" >
    <step title="Cleanup Infos" date="2025-09-03T14:48:53.844" totalFiles="217" totalCleanup="57" /><!-- duration: 8ms -->
  </step><!-- duration: 39ms -->
  <step title="DeploymentService.GetResult" date="2025-09-03T14:48:53.880" >
    <step title="DeploymentService.GetLatestDeployment" date="2025-09-03T14:48:53.888" >
      <step title="DeploymentManager.GetResults" date="2025-09-03T14:48:53.896" /><!-- duration: 494ms -->
    </step><!-- duration: 512ms -->
  </step><!-- duration: 528ms -->
  <step title="Outgoing response" date="2025-09-03T14:48:54.417" type="response" statusCode="202" statusText="Accepted" /><!-- duration: 9ms -->
</step><!-- duration: 623ms -->
