<step title="Incoming Request" date="2025-09-03T05:58:07.744" instance="754247" url="/api/zipdeploy?isAsync=true&amp;deployer=GITHUB_ZIP_DEPLOY&amp;message=%7B%22type%22%3A%22deployment%22%2C%22sha%22%3A%223a55cb57d8a60838113e6a44ba7b8ec744f9014a%22%2C%22repoName%22%3A%22yamaken999%2Ftimesheet-api%22%2C%22actor%22%3A%22yamaken999%22%2C%22slotName%22%3A%22production%22%2C%22commitMessage%22%3A%22fix%3A%20startup.sh%E3%81%A7%E4%BE%9D%E5%AD%98%E9%96%A2%E4%BF%82%E3%82%92%E7%A2%BA%E5%AE%9F%E3%81%AB%E3%82%A4%E3%83%B3%E3%82%B9%E3%83%88%E3%83%BC%E3%83%AB%22%7D" method="POST" type="request" pid="767,1,43" Host="timesheet-api-prod.scm.azurewebsites.net" User-Agent="GITHUBACTIONS_DeployWebAppToAzure_8ca81639db1c2f6d6179317ff3d4f597c63e38502e1b78eeaec4ede361b28707" Authorization="Bas..." Content-Type="application/octet-stream" Cookie="ARRAffinity=754247f415a6f10b68e32a9a2f980f08320592974cf08e6b8a5dd0d3d219be6b;Path=/;HttpOnly;Secure;Domain=timesheet-api-prod.scm.azurewebsites.net; ARRAffinitySameSite=754247f415a6f10b68e32a9a2f980f08320592974cf08e6b8a5dd0d3d219be6b;Path=/;HttpOnly;SameSite=None;Secure;Domain=timesheet-api-prod.scm.azurewebsites.net" Transfer-Encoding="chunked" X-ARR-LOG-ID="807d7ea8-66d7-45f1-bb7f-a733684b8aeb" CLIENT-IP="52.154.20.54:60481" X-SITE-DEPLOYMENT-ID="timesheet-api-prod" WAS-DEFAULT-HOSTNAME="timesheet-api-prod.scm.azurewebsites.net" X-Forwarded-Proto="https" X-AppService-Proto="https" X-Forwarded-TlsVersion="1.3" X-WAWS-Unencoded-URL="/api/zipdeploy?isAsync=true&amp;deployer=GITHUB_ZIP_DEPLOY&amp;message=%7B%22type%22%3A%22deployment%22%2C%22sha%22%3A%223a55cb57d8a60838113e6a44ba7b8ec744f9014a%22%2C%22repoName%22%3A%22yamaken999%2Ftimesheet-api%22%2C%22actor%22%3A%22yamaken999%22%2C%22slotName%22%3A%22production%22%2C%22commitMessage%22%3A%22fix%3A%20startup.sh%E3%81%A7%E4%BE%9D%E5%AD%98%E9%96%A2%E4%BF%82%E3%82%92%E7%A2%BA%E5%AE%9F%E3%81%AB%E3%82%A4%E3%83%B3%E3%82%B9%E3%83%88%E3%83%BC%E3%83%AB%22%7D" X-Client-IP="52.154.20.54" X-Client-Port="60481" >
  <step title="Cleanup Xml Logs" date="2025-09-03T05:58:07.753" /><!-- duration: 21ms -->
  <step title="ZipPushDeploy" date="2025-09-03T05:58:07.803" >
    <step title="ZipDeploy. Extract zip." date="2025-09-03T05:58:07.825" /><!-- duration: 10ms -->
    <step title="Starting PushDeployAsync" date="2025-09-03T05:58:07.844" /><!-- duration: 5ms -->
    <step title="Writing artifact to /tmp/zipdeploy/7a8ce08f-065c-4a4e-a3a8-f4d91837c1d2.zip" date="2025-09-03T05:58:07.868" >
      <step title="Writing multipart request body to /tmp/zipdeploy/7a8ce08f-065c-4a4e-a3a8-f4d91837c1d2.zip" date="2025-09-03T05:58:07.873" /><!-- duration: 5ms -->
    </step><!-- duration: 3133ms -->
    <step title="Start deployment in the background" date="2025-09-03T05:58:11.023" >
      <step title="Acquiring Deployment Lock" date="2025-09-03T05:58:11.066" /><!-- duration: 5ms -->
      <step title="Acquired Deployment Lock" date="2025-09-03T05:58:11.133" /><!-- duration: 5ms -->
    </step><!-- duration: 261ms -->
  </step><!-- duration: 3494ms -->
  <step title="Outgoing response" date="2025-09-03T05:58:11.303" type="response" statusCode="202" statusText="Accepted" /><!-- duration: 7ms -->
</step><!-- duration: 3573ms -->
