<step title="BackgroundTrace" date="2025-09-03T14:46:11.231" instance="1b2d4d" url="/api/zipdeploy" method="POST" >
  <step title="Cleanup Xml Logs" date="2025-09-03T14:46:11.236" /><!-- duration: 15ms -->
  <step title="Creating temporary deployment - FetchDeploymentManager" date="2025-09-03T14:46:11.555" /><!-- duration: 5ms -->
  <step title="Creating temporary deployment" date="2025-09-03T14:46:11.564" /><!-- duration: 94ms -->
  <step title="Performing fetch based deployment" date="2025-09-03T14:46:11.720" >
    <step title="Cleaning up temp folders from previous zip deployments and extracting pushed zip file /tmp/zipdeploy/c34d6a89-fb08-41bc-a07c-dc1116ad4bf3.zip (62.09 MB) to /tmp/zipdeploy/extracted" date="2025-09-03T14:46:12.901" >
      <step title="ChmodRecursive Process exited with total time taken in ms: 191" date="2025-09-03T14:46:27.767" /><!-- duration: 11ms -->
    </step><!-- duration: 14890ms -->
    <step title="Deployment timer started" date="2025-09-03T14:46:29.804" >
      <step title="DeploymentManager.Deploy(id:b4a13c59-9f36-4e6d-96d0-0784dcff6671)" date="2025-09-03T14:46:29.809" >
        <step title="Collecting changeset information" date="2025-09-03T14:46:29.828" /><!-- duration: 125ms -->
        <step title="Updating submodules" date="2025-09-03T14:46:29.961" /><!-- duration: 1136ms -->
        <step title="Determining deployment builder" date="2025-09-03T14:46:31.342" >
          <step title="Builder is BasicBuilder" date="2025-09-03T14:46:31.357" /><!-- duration: 5ms -->
        </step><!-- duration: 24ms -->
        <step title="PreDeployment: context.CleanOutputPath False" date="2025-09-03T14:46:31.727" >
          <step title="PreDeployment: context.OutputPath /home/site/wwwroot" date="2025-09-03T14:46:31.830" >
            <step title="Building" date="2025-09-03T14:46:31.974" >
              <step title="Executing external process" date="2025-09-03T14:46:32.294" type="process" path="starter.sh" arguments="/opt/Kudu/Scripts/parallel_rsync.sh /tmp/zipdeploy/extracted /home/site/wwwroot 8 /tmp/ False True  " >
                <step title="Cpu: rsync(5397,1.010s)+rsync(5388,0.160s)+rsync(5368,1.230s)+bash(5366,0.000s)+rsync(5392,0.830s)+rsync(5386,0.150s)+rsync(5370,0.350s)+bash(5367,0.000s)+rsync(5390,1.030s)+rsync(5387,0.150s)+rsync(5372,0.950s)+bash(5369,0.000s)+rsync(5393,1.050s)+rsync(5383,0.160s)+rsync(5374,0.690s)+bash(5371,0.000s)+rsync(5396,1.050s)+rsync(5385,0.160s)+rsync(5376,0.670s)+bash(5373,0.000s)+rsync(5395,1.040s)+rsync(5382,0.170s)+rsync(5378,0.780s)+bash(5375,0.000s)+rsync(5394,0.920s)+rsync(5384,0.170s)+rsync(5381,0.650s)+bash(5377,0.000s)+rsync(5391,0.980s)+rsync(5389,0.150s)+rsync(5380,0.730s)+bash(5379,0.000s)+xargs(5365,0.000s)+parallel_rsync.sh(5354,0.000s)=total(15.220s)" date="2025-09-03T14:47:33.632" /><!-- duration: 49ms -->
                <step title="starter.sh: no io activity for 61s, prev-cpu=-1.000s, current-cpu=15.220s" date="2025-09-03T14:47:33.772" /><!-- duration: 40ms -->
              </step><!-- duration: 149491ms -->
              <step title="Triggering recycle (preview mode disabled)." date="2025-09-03T14:49:02.075" /><!-- duration: 5ms -->
              <step title="Modified file to trigger a restart of the app container." date="2025-09-03T14:49:02.116" /><!-- duration: 7ms -->
              <step title="Skip function trigger and logicapp sync because function is not enabled." date="2025-09-03T14:49:02.139" /><!-- duration: 5ms -->
            </step><!-- duration: 151094ms -->
          </step><!-- duration: 151257ms -->
          <step title="Cleaning up temp files" date="2025-09-03T14:49:03.091" /><!-- duration: 20ms -->
          <step title="Cleaning up temp files" date="2025-09-03T14:49:03.117" /><!-- duration: 515ms -->
          <step title="Reloading status file with latest updates" date="2025-09-03T14:49:03.675" >
            <step title="WebHooksManager.PublishEventAsync: PostDeployment" date="2025-09-03T14:49:03.687" /><!-- duration: 41ms -->
          </step><!-- duration: 58ms -->
          <step title="Cleaning up temporary deployment - fetch deployment was successful" date="2025-09-03T14:49:03.742" /><!-- duration: 7ms -->
        </step><!-- duration: 152123ms -->
      </step><!-- duration: 154081ms -->
