<step title="BackgroundTrace" date="2025-09-03T14:32:14.314" instance="1b2d4d" url="/api/zipdeploy" method="POST" >
  <step title="Cleanup Xml Logs" date="2025-09-03T14:32:14.324" /><!-- duration: 57ms -->
  <step title="Creating temporary deployment - FetchDeploymentManager" date="2025-09-03T14:32:14.722" /><!-- duration: 11ms -->
  <step title="Creating temporary deployment" date="2025-09-03T14:32:14.800" /><!-- duration: 1026ms -->
  <step title="Performing fetch based deployment" date="2025-09-03T14:32:16.444" >
    <step title="Cleaning up temp folders from previous zip deployments and extracting pushed zip file /tmp/zipdeploy/2be16034-6d96-45e7-92cb-4e4fa81f6e70.zip (62.09 MB) to /tmp/zipdeploy/extracted" date="2025-09-03T14:32:18.565" >
      <step title="ChmodRecursive Process exited with total time taken in ms: 278" date="2025-09-03T14:32:54.499" /><!-- duration: 16ms -->
    </step><!-- duration: 35971ms -->
    <step title="Deployment timer started" date="2025-09-03T14:32:56.558" >
      <step title="DeploymentManager.Deploy(id:6007824e-e932-4bc2-9aac-6f2f23ce4db0)" date="2025-09-03T14:32:56.571" >
        <step title="Collecting changeset information" date="2025-09-03T14:32:56.611" /><!-- duration: 119ms -->
        <step title="Updating submodules" date="2025-09-03T14:32:56.739" /><!-- duration: 1128ms -->
        <step title="Determining deployment builder" date="2025-09-03T14:32:58.130" >
          <step title="Builder is BasicBuilder" date="2025-09-03T14:32:58.148" /><!-- duration: 5ms -->
        </step><!-- duration: 28ms -->
        <step title="PreDeployment: context.CleanOutputPath False" date="2025-09-03T14:32:58.223" >
          <step title="PreDeployment: context.OutputPath /home/site/wwwroot" date="2025-09-03T14:32:58.354" >
            <step title="Building" date="2025-09-03T14:32:58.513" >
              <step title="Executing external process" date="2025-09-03T14:32:58.851" type="process" path="starter.sh" arguments="/opt/Kudu/Scripts/parallel_rsync.sh /tmp/zipdeploy/extracted /home/site/wwwroot 8 /tmp/ False True  " >
                <step title="Cpu: rsync(5139,0.550s)+rsync(5126,0.210s)+rsync(5116,0.570s)+bash(5114,0.000s)+rsync(5143,0.490s)+rsync(5127,0.240s)+rsync(5119,0.380s)+bash(5115,0.000s)+rsync(5141,0.560s)+rsync(5125,0.230s)+rsync(5120,0.460s)+bash(5117,0.000s)+rsync(5145,0.540s)+rsync(5124,0.230s)+rsync(5121,0.460s)+bash(5118,0.000s)+rsync(5146,0.560s)+rsync(5132,0.240s)+rsync(5128,0.440s)+bash(5122,0.000s)+rsync(5140,0.590s)+rsync(5134,0.210s)+rsync(5130,0.600s)+bash(5123,0.000s)+rsync(5142,0.530s)+rsync(5137,0.220s)+rsync(5135,0.400s)+bash(5129,0.000s)+rsync(5144,0.530s)+rsync(5136,0.230s)+rsync(5133,0.550s)+bash(5131,0.000s)+xargs(5113,0.000s)+parallel_rsync.sh(5101,0.010s)=total(10.020s)" date="2025-09-03T14:33:59.988" /><!-- duration: 45ms -->
                <step title="starter.sh: no io activity for 61s, prev-cpu=-1.000s, current-cpu=10.020s" date="2025-09-03T14:34:00.042" /><!-- duration: 19ms -->
              </step><!-- duration: 138064ms -->
              <step title="Triggering recycle (preview mode disabled)." date="2025-09-03T14:35:17.246" /><!-- duration: 7ms -->
              <step title="Modified file to trigger a restart of the app container." date="2025-09-03T14:35:17.285" /><!-- duration: 5ms -->
              <step title="Skip function trigger and logicapp sync because function is not enabled." date="2025-09-03T14:35:17.303" /><!-- duration: 5ms -->
            </step><!-- duration: 139755ms -->
          </step><!-- duration: 139929ms -->
          <step title="Cleaning up temp files" date="2025-09-03T14:35:18.288" /><!-- duration: 5ms -->
          <step title="Cleaning up temp files" date="2025-09-03T14:35:18.296" /><!-- duration: 506ms -->
          <step title="Reloading status file with latest updates" date="2025-09-03T14:35:19.605" >
            <step title="WebHooksManager.PublishEventAsync: PostDeployment" date="2025-09-03T14:35:19.612" /><!-- duration: 69ms -->
          </step><!-- duration: 80ms -->
          <step title="Cleaning up temporary deployment - fetch deployment was successful" date="2025-09-03T14:35:19.695" /><!-- duration: 7ms -->
        </step><!-- duration: 141540ms -->
      </step><!-- duration: 143219ms -->
