<step title="Incoming Request" date="2025-09-03T14:48:40.866" instance="1b2d4d" url="/api/deployments/latest?deployer=GITHUB_ZIP_DEPLOY&amp;time=2025-09-03_14-46-11Z" method="GET" type="request" pid="768,1,19" Host="timesheet-api-prod.scm.azurewebsites.net" User-Agent="GITHUBACTIONS_DeployWebAppToAzure_8ca81639db1c2f6d6179317ff3d4f597c63e38502e1b78eeaec4ede361b28707" Authorization="Bas..." Content-Type="application/json; charset=utf-8" Cookie="ARRAffinity=1b2d4ddc5c33dd122430958a08e7979805a1fd99794b1ec910c75e3efba888cb;Path=/;HttpOnly;Secure;Domain=timesheet-api-prod.scm.azurewebsites.net; ARRAffinitySameSite=1b2d4ddc5c33dd122430958a08e7979805a1fd99794b1ec910c75e3efba888cb;Path=/;HttpOnly;SameSite=None;Secure;Domain=timesheet-api-prod.scm.azurewebsites.net" Content-Length="0" X-ARR-LOG-ID="1603fdba-359e-43a2-b6f3-f1aed68150a2" CLIENT-IP="20.55.118.197:4098" X-SITE-DEPLOYMENT-ID="timesheet-api-prod" WAS-DEFAULT-HOSTNAME="timesheet-api-prod.scm.azurewebsites.net" X-Forwarded-Proto="https" X-AppService-Proto="https" X-Forwarded-TlsVersion="1.3" X-WAWS-Unencoded-URL="/api/deployments/latest?deployer=GITHUB_ZIP_DEPLOY&amp;time=2025-09-03_14-46-11Z" X-Client-IP="20.55.118.197" X-Client-Port="4098" >
  <step title="Cleanup Xml Logs" date="2025-09-03T14:48:40.887" >
    <step title="Cleanup Infos" date="2025-09-03T14:48:40.929" totalFiles="215" totalCleanup="55" /><!-- duration: 10ms -->
  </step><!-- duration: 56ms -->
  <step title="DeploymentService.GetResult" date="2025-09-03T14:48:40.954" >
    <step title="DeploymentService.GetLatestDeployment" date="2025-09-03T14:48:40.960" >
      <step title="DeploymentManager.GetResults" date="2025-09-03T14:48:40.964" /><!-- duration: 579ms -->
    </step><!-- duration: 593ms -->
  </step><!-- duration: 607ms -->
  <step title="Outgoing response" date="2025-09-03T14:48:41.570" type="response" statusCode="202" statusText="Accepted" /><!-- duration: 8ms -->
</step><!-- duration: 722ms -->
