<step title="BackgroundTrace" date="2025-09-02T14:01:19.634" instance="b87797" url="/api/zipdeploy" method="POST" >
  <step title="Cleanup Xml Logs" date="2025-09-02T14:01:19.637" /><!-- duration: 4ms -->
  <step title="Creating temporary deployment - FetchDeploymentManager" date="2025-09-02T14:01:19.805" /><!-- duration: 3ms -->
  <step title="Creating temporary deployment" date="2025-09-02T14:01:19.810" /><!-- duration: 106ms -->
  <step title="Performing fetch based deployment" date="2025-09-02T14:01:19.992" >
    <step title="Cleaning up temp folders from previous zip deployments and extracting pushed zip file /tmp/zipdeploy/0743b5d5-fbac-4986-979d-89c04ca17b1d.zip (62.09 MB) to /tmp/zipdeploy/extracted" date="2025-09-02T14:01:21.148" >
      <step title="ChmodRecursive Process exited with total time taken in ms: 292" date="2025-09-02T14:01:33.068" /><!-- duration: 8ms -->
    </step><!-- duration: 11941ms -->
    <step title="Deployment timer started" date="2025-09-02T14:01:35.103" >
      <step title="DeploymentManager.Deploy(id:23b743bd-dc70-474d-8ef4-4e7cc3aaca6b)" date="2025-09-02T14:01:35.108" >
        <step title="Collecting changeset information" date="2025-09-02T14:01:35.128" /><!-- duration: 113ms -->
        <step title="Updating submodules" date="2025-09-02T14:01:35.245" /><!-- duration: 1131ms -->
        <step title="Determining deployment builder" date="2025-09-02T14:01:36.585" >
          <step title="Builder is BasicBuilder" date="2025-09-02T14:01:36.592" /><!-- duration: 2ms -->
        </step><!-- duration: 13ms -->
        <step title="PreDeployment: context.CleanOutputPath False" date="2025-09-02T14:01:36.649" >
          <step title="PreDeployment: context.OutputPath /home/site/wwwroot" date="2025-09-02T14:01:36.778" >
            <step title="Building" date="2025-09-02T14:01:36.888" >
              <step title="Executing external process" date="2025-09-02T14:01:37.190" type="process" path="starter.sh" arguments="/opt/Kudu/Scripts/parallel_rsync.sh /tmp/zipdeploy/extracted /home/site/wwwroot 8 /tmp/ False True  " >
                <step title="Cpu: rsync(937,0.820s)+rsync(924,0.120s)+rsync(913,1.020s)+bash(908,0.000s)+rsync(939,0.670s)+rsync(926,0.140s)+rsync(914,0.520s)+bash(909,0.000s)+rsync(938,0.730s)+rsync(928,0.160s)+rsync(915,0.890s)+bash(910,0.000s)+rsync(940,0.680s)+rsync(925,0.150s)+rsync(916,0.640s)+bash(911,0.000s)+rsync(941,0.690s)+rsync(930,0.150s)+rsync(918,0.690s)+bash(912,0.000s)+rsync(936,0.780s)+rsync(927,0.160s)+rsync(920,0.870s)+bash(917,0.000s)+rsync(935,0.660s)+rsync(931,0.160s)+rsync(922,0.560s)+bash(919,0.000s)+rsync(934,0.680s)+rsync(929,0.140s)+rsync(923,0.670s)+bash(921,0.000s)+xargs(907,0.000s)+parallel_rsync.sh(899,0.000s)=total(12.750s)" date="2025-09-02T14:02:38.552" /><!-- duration: 37ms -->
                <step title="starter.sh: no io activity for 60s, prev-cpu=-1.000s, current-cpu=12.750s" date="2025-09-02T14:02:38.688" /><!-- duration: 18ms -->
                <step title="Cpu: rsync(937,1.140s)+rsync(924,0.120s)+rsync(913,1.180s)+bash(908,0.000s)+rsync(939,0.960s)+rsync(926,0.140s)+rsync(914,0.610s)+bash(909,0.000s)+rsync(938,1.070s)+rsync(928,0.160s)+rsync(915,1.040s)+bash(910,0.000s)+rsync(940,1.050s)+rsync(925,0.150s)+rsync(916,0.780s)+bash(911,0.000s)+rsync(941,1.030s)+rsync(930,0.150s)+rsync(918,0.810s)+bash(912,0.000s)+rsync(936,1.090s)+rsync(927,0.160s)+rsync(920,0.990s)+bash(917,0.000s)+rsync(935,1.000s)+rsync(931,0.160s)+rsync(922,0.690s)+bash(919,0.000s)+rsync(934,0.950s)+rsync(929,0.140s)+rsync(923,0.730s)+bash(921,0.000s)+xargs(907,0.000s)+parallel_rsync.sh(899,0.000s)=total(16.300s)" date="2025-09-02T14:03:38.770" /><!-- duration: 12ms -->
                <step title="starter.sh: no io activity for 121s, prev-cpu=12.750s, current-cpu=16.300s" date="2025-09-02T14:03:38.805" /><!-- duration: 12ms -->
              </step><!-- duration: 157802ms -->
              <step title="Triggering recycle (preview mode disabled)." date="2025-09-02T14:04:15.923" /><!-- duration: 3ms -->
              <step title="Modified file to trigger a restart of the app container." date="2025-09-02T14:04:15.965" /><!-- duration: 3ms -->
              <step title="Skip function trigger and logicapp sync because function is not enabled." date="2025-09-02T14:04:15.979" /><!-- duration: 2ms -->
              <step title="Purge deployment items" date="2025-09-02T14:04:16.572" >
                <step title="Remove 9a0c6168-, Failed, received at 09/02/2025 07:34:54" date="2025-09-02T14:04:16.617" /><!-- duration: 2ms -->
              </step><!-- duration: 49ms -->
            </step><!-- duration: 159802ms -->
          </step><!-- duration: 159914ms -->
          <step title="Cleaning up temp files" date="2025-09-02T14:04:16.694" /><!-- duration: 16ms -->
          <step title="Cleaning up temp files" date="2025-09-02T14:04:16.713" /><!-- duration: 503ms -->
          <step title="Reloading status file with latest updates" date="2025-09-02T14:04:17.236" >
            <step title="WebHooksManager.PublishEventAsync: PostDeployment" date="2025-09-02T14:04:17.239" /><!-- duration: 44ms -->
          </step><!-- duration: 49ms -->
          <step title="Cleaning up temporary deployment - fetch deployment was successful" date="2025-09-02T14:04:17.289" /><!-- duration: 2ms -->
        </step><!-- duration: 160739ms -->
      </step><!-- duration: 162295ms -->
