<step title="Incoming Request" date="2025-09-03T09:13:19.984" instance="1b2d4d" url="/api/zipdeploy?isAsync=true&amp;deployer=GITHUB_ZIP_DEPLOY&amp;message=%7B%22type%22%3A%22deployment%22%2C%22sha%22%3A%22b80642a54cc7e9354ff018c76550b7d78398893e%22%2C%22repoName%22%3A%22yamaken999%2Ftimesheet-api%22%2C%22actor%22%3A%22yamaken999%22%2C%22slotName%22%3A%22production%22%2C%22commitMessage%22%3A%22fix%3A%20update%20startup.sh%20to%20use%20Azure%20PORT%20env%20var%22%7D" method="POST" type="request" pid="768,1,17" Host="timesheet-api-prod.scm.azurewebsites.net" User-Agent="GITHUBACTIONS_DeployWebAppToAzure_8ca81639db1c2f6d6179317ff3d4f597c63e38502e1b78eeaec4ede361b28707" Authorization="Bas..." Content-Type="application/octet-stream" Cookie="ARRAffinity=1b2d4ddc5c33dd122430958a08e7979805a1fd99794b1ec910c75e3efba888cb;Path=/;HttpOnly;Secure;Domain=timesheet-api-prod.scm.azurewebsites.net; ARRAffinitySameSite=1b2d4ddc5c33dd122430958a08e7979805a1fd99794b1ec910c75e3efba888cb;Path=/;HttpOnly;SameSite=None;Secure;Domain=timesheet-api-prod.scm.azurewebsites.net" Transfer-Encoding="chunked" X-ARR-LOG-ID="1aeac076-b904-4087-b077-62a6c0318e74" CLIENT-IP="4.236.158.81:47041" X-SITE-DEPLOYMENT-ID="timesheet-api-prod" WAS-DEFAULT-HOSTNAME="timesheet-api-prod.scm.azurewebsites.net" X-Forwarded-Proto="https" X-AppService-Proto="https" X-Forwarded-TlsVersion="1.3" X-WAWS-Unencoded-URL="/api/zipdeploy?isAsync=true&amp;deployer=GITHUB_ZIP_DEPLOY&amp;message=%7B%22type%22%3A%22deployment%22%2C%22sha%22%3A%22b80642a54cc7e9354ff018c76550b7d78398893e%22%2C%22repoName%22%3A%22yamaken999%2Ftimesheet-api%22%2C%22actor%22%3A%22yamaken999%22%2C%22slotName%22%3A%22production%22%2C%22commitMessage%22%3A%22fix%3A%20update%20startup.sh%20to%20use%20Azure%20PORT%20env%20var%22%7D" X-Client-IP="4.236.158.81" X-Client-Port="47041" >
  <step title="Cleanup Xml Logs" date="2025-09-03T09:13:19.989" /><!-- duration: 13ms -->
  <step title="ZipPushDeploy" date="2025-09-03T09:13:20.041" >
    <step title="ZipDeploy. Extract zip." date="2025-09-03T09:13:20.062" /><!-- duration: 6ms -->
    <step title="None repository commit" date="2025-09-03T09:13:20.082" >
      <step title="Commit id: dd3feafc-d042-4043-8ce5-c404f9c42fb9" date="2025-09-03T09:13:20.087" Message="N/A" AuthorName="N/A" AuthorEmail="N/A" /><!-- duration: 4ms -->
    </step><!-- duration: 13ms -->
    <step title="Starting PushDeployAsync" date="2025-09-03T09:13:20.101" /><!-- duration: 5ms -->
    <step title="Writing artifact to /tmp/zipdeploy/cc3f2ee1-a21b-41dc-9fa4-2af2bf872274.zip" date="2025-09-03T09:13:20.121" >
      <step title="Writing multipart request body to /tmp/zipdeploy/cc3f2ee1-a21b-41dc-9fa4-2af2bf872274.zip" date="2025-09-03T09:13:20.126" /><!-- duration: 5ms -->
    </step><!-- duration: 3712ms -->
    <step title="Start deployment in the background" date="2025-09-03T09:13:23.907" >
      <step title="Acquiring Deployment Lock" date="2025-09-03T09:13:23.990" /><!-- duration: 8ms -->
      <step title="Acquired Deployment Lock" date="2025-09-03T09:13:24.096" /><!-- duration: 4ms -->
    </step><!-- duration: 379ms -->
  </step><!-- duration: 4265ms -->
  <step title="Outgoing response" date="2025-09-03T09:13:24.327" type="response" statusCode="202" statusText="Accepted" /><!-- duration: 4ms -->
</step><!-- duration: 4352ms -->
