<step title="BackgroundTrace" date="2025-09-03T05:58:11.028" instance="754247" url="/api/zipdeploy" method="POST" >
  <step title="Cleanup Xml Logs" date="2025-09-03T05:58:11.033" /><!-- duration: 10ms -->
  <step title="Creating temporary deployment - FetchDeploymentManager" date="2025-09-03T05:58:11.143" /><!-- duration: 5ms -->
  <step title="Creating temporary deployment" date="2025-09-03T05:58:11.154" /><!-- duration: 119ms -->
  <step title="Performing fetch based deployment" date="2025-09-03T05:58:11.363" >
    <step title="Cleaning up temp folders from previous zip deployments and extracting pushed zip file /tmp/zipdeploy/7a8ce08f-065c-4a4e-a3a8-f4d91837c1d2.zip (62.09 MB) to /tmp/zipdeploy/extracted" date="2025-09-03T05:58:12.577" >
      <step title="ChmodRecursive Process exited with total time taken in ms: 244" date="2025-09-03T05:58:25.057" /><!-- duration: 8ms -->
    </step><!-- duration: 12499ms -->
    <step title="Deployment timer started" date="2025-09-03T05:58:27.090" >
      <step title="DeploymentManager.Deploy(id:72735cc6-9118-46a6-9a70-5c39ac74cfee)" date="2025-09-03T05:58:27.098" >
        <step title="Collecting changeset information" date="2025-09-03T05:58:27.124" /><!-- duration: 108ms -->
        <step title="Updating submodules" date="2025-09-03T05:58:27.245" /><!-- duration: 1136ms -->
        <step title="Determining deployment builder" date="2025-09-03T05:58:28.611" >
          <step title="Builder is BasicBuilder" date="2025-09-03T05:58:28.629" /><!-- duration: 5ms -->
        </step><!-- duration: 27ms -->
        <step title="PreDeployment: context.CleanOutputPath False" date="2025-09-03T05:58:28.704" >
          <step title="PreDeployment: context.OutputPath /home/site/wwwroot" date="2025-09-03T05:58:29.010" >
            <step title="Building" date="2025-09-03T05:58:29.175" >
              <step title="Executing external process" date="2025-09-03T05:58:29.524" type="process" path="starter.sh" arguments="/opt/Kudu/Scripts/parallel_rsync.sh /tmp/zipdeploy/extracted /home/site/wwwroot 8 /tmp/ False True  " >
                <step title="Cpu: rsync(1704,0.560s)+rsync(1694,0.170s)+rsync(1681,0.400s)+bash(1679,0.000s)+rsync(1705,0.550s)+rsync(1695,0.150s)+rsync(1684,0.360s)+bash(1680,0.000s)+rsync(1706,0.650s)+rsync(1692,0.160s)+rsync(1685,0.780s)+bash(1682,0.000s)+rsync(1710,0.570s)+rsync(1693,0.180s)+rsync(1687,0.510s)+bash(1683,0.000s)+rsync(1709,0.580s)+rsync(1696,0.160s)+rsync(1689,0.450s)+bash(1686,0.000s)+rsync(1707,0.570s)+rsync(1698,0.170s)+rsync(1691,0.470s)+bash(1688,0.000s)+rsync(1703,0.520s)+rsync(1702,0.150s)+rsync(1700,0.360s)+bash(1690,0.000s)+rsync(1708,0.600s)+rsync(1701,0.150s)+rsync(1699,0.610s)+bash(1697,0.000s)+xargs(1678,0.000s)+parallel_rsync.sh(1667,0.010s)=total(9.840s)" date="2025-09-03T05:59:30.614" /><!-- duration: 17ms -->
                <step title="starter.sh: no io activity for 61s, prev-cpu=-1.000s, current-cpu=9.840s" date="2025-09-03T05:59:30.646" /><!-- duration: 17ms -->
              </step><!-- duration: 140485ms -->
              <step title="Triggering recycle (preview mode disabled)." date="2025-09-03T06:00:50.288" /><!-- duration: 4ms -->
              <step title="Modified file to trigger a restart of the app container." date="2025-09-03T06:00:50.330" /><!-- duration: 6ms -->
              <step title="Skip function trigger and logicapp sync because function is not enabled." date="2025-09-03T06:00:50.342" /><!-- duration: 5ms -->
            </step><!-- duration: 141965ms -->
          </step><!-- duration: 142141ms -->
          <step title="Cleaning up temp files" date="2025-09-03T06:00:51.158" /><!-- duration: 10ms -->
          <step title="Cleaning up temp files" date="2025-09-03T06:00:51.175" /><!-- duration: 506ms -->
          <step title="Reloading status file with latest updates" date="2025-09-03T06:00:51.733" >
            <step title="WebHooksManager.PublishEventAsync: PostDeployment" date="2025-09-03T06:00:51.737" /><!-- duration: 41ms -->
          </step><!-- duration: 50ms -->
          <step title="Cleaning up temporary deployment - fetch deployment was successful" date="2025-09-03T06:00:51.790" /><!-- duration: 7ms -->
        </step><!-- duration: 143205ms -->
      </step><!-- duration: 144839ms -->
