<step title="Incoming Request" date="2025-09-03T14:32:06.813" instance="1b2d4d" url="/api/zipdeploy?isAsync=true&amp;deployer=GITHUB_ZIP_DEPLOY&amp;message=%7B%22type%22%3A%22deployment%22%2C%22sha%22%3A%22e449582ab5debee6721312861be1cb35a78675d8%22%2C%22repoName%22%3A%22yamaken999%2Ftimesheet-api%22%2C%22actor%22%3A%22yamaken999%22%2C%22slotName%22%3A%22production%22%2C%22commitMessage%22%3A%22feat%3A%20add%20root%20endpoint%20for%20health%20check%22%7D" method="POST" type="request" pid="768,1,95" Host="timesheet-api-prod.scm.azurewebsites.net" User-Agent="GITHUBACTIONS_DeployWebAppToAzure_8ca81639db1c2f6d6179317ff3d4f597c63e38502e1b78eeaec4ede361b28707" Authorization="Bas..." Content-Type="application/octet-stream" Cookie="ARRAffinity=1b2d4ddc5c33dd122430958a08e7979805a1fd99794b1ec910c75e3efba888cb;Path=/;HttpOnly;Secure;Domain=timesheet-api-prod.scm.azurewebsites.net; ARRAffinitySameSite=1b2d4ddc5c33dd122430958a08e7979805a1fd99794b1ec910c75e3efba888cb;Path=/;HttpOnly;SameSite=None;Secure;Domain=timesheet-api-prod.scm.azurewebsites.net" Transfer-Encoding="chunked" X-ARR-LOG-ID="88473fcf-5e89-4d63-8600-c5f925989e16" CLIENT-IP="64.236.133.106:5185" X-SITE-DEPLOYMENT-ID="timesheet-api-prod" WAS-DEFAULT-HOSTNAME="timesheet-api-prod.scm.azurewebsites.net" X-Forwarded-Proto="https" X-AppService-Proto="https" X-Forwarded-TlsVersion="1.3" X-WAWS-Unencoded-URL="/api/zipdeploy?isAsync=true&amp;deployer=GITHUB_ZIP_DEPLOY&amp;message=%7B%22type%22%3A%22deployment%22%2C%22sha%22%3A%22e449582ab5debee6721312861be1cb35a78675d8%22%2C%22repoName%22%3A%22yamaken999%2Ftimesheet-api%22%2C%22actor%22%3A%22yamaken999%22%2C%22slotName%22%3A%22production%22%2C%22commitMessage%22%3A%22feat%3A%20add%20root%20endpoint%20for%20health%20check%22%7D" X-Client-IP="64.236.133.106" X-Client-Port="5185" >
  <step title="Cleanup Xml Logs" date="2025-09-03T14:32:06.819" /><!-- duration: 18ms -->
  <step title="ZipPushDeploy" date="2025-09-03T14:32:06.924" >
    <step title="ZipDeploy. Extract zip." date="2025-09-03T14:32:06.950" /><!-- duration: 6ms -->
    <step title="Starting PushDeployAsync" date="2025-09-03T14:32:06.969" /><!-- duration: 12ms -->
    <step title="Writing artifact to /tmp/zipdeploy/2be16034-6d96-45e7-92cb-4e4fa81f6e70.zip" date="2025-09-03T14:32:06.999" >
      <step title="Writing multipart request body to /tmp/zipdeploy/2be16034-6d96-45e7-92cb-4e4fa81f6e70.zip" date="2025-09-03T14:32:07.006" /><!-- duration: 8ms -->
    </step><!-- duration: 7056ms -->
    <step title="Start deployment in the background" date="2025-09-03T14:32:14.289" >
      <step title="Acquiring Deployment Lock" date="2025-09-03T14:32:14.471" /><!-- duration: 15ms -->
      <step title="Acquired Deployment Lock" date="2025-09-03T14:32:14.639" /><!-- duration: 54ms -->
    </step><!-- duration: 1577ms -->
  </step><!-- duration: 9327ms -->
  <step title="Outgoing response" date="2025-09-03T14:32:16.269" type="response" statusCode="202" statusText="Accepted" /><!-- duration: 16ms -->
</step><!-- duration: 9481ms -->
