<step title="BackgroundTrace" date="2025-09-03T09:13:23.927" instance="1b2d4d" url="/api/zipdeploy" method="POST" >
  <step title="Cleanup Xml Logs" date="2025-09-03T09:13:23.933" /><!-- duration: 14ms -->
  <step title="Creating temporary deployment - FetchDeploymentManager" date="2025-09-03T09:13:24.106" /><!-- duration: 6ms -->
  <step title="Creating temporary deployment" date="2025-09-03T09:13:24.118" /><!-- duration: 163ms -->
  <step title="Performing fetch based deployment" date="2025-09-03T09:13:24.377" >
    <step title="Cleaning up temp folders from previous zip deployments and extracting pushed zip file /tmp/zipdeploy/cc3f2ee1-a21b-41dc-9fa4-2af2bf872274.zip (62.09 MB) to /tmp/zipdeploy/extracted" date="2025-09-03T09:13:25.564" >
      <step title="ChmodRecursive Process exited with total time taken in ms: 201" date="2025-09-03T09:13:32.040" /><!-- duration: 7ms -->
    </step><!-- duration: 6486ms -->
    <step title="Deployment timer started" date="2025-09-03T09:13:34.068" >
      <step title="DeploymentManager.Deploy(id:dd3feafc-d042-4043-8ce5-c404f9c42fb9)" date="2025-09-03T09:13:34.080" >
        <step title="Collecting changeset information" date="2025-09-03T09:13:34.102" /><!-- duration: 109ms -->
        <step title="Updating submodules" date="2025-09-03T09:13:34.220" /><!-- duration: 1136ms -->
        <step title="Determining deployment builder" date="2025-09-03T09:13:35.607" >
          <step title="Builder is BasicBuilder" date="2025-09-03T09:13:35.624" /><!-- duration: 5ms -->
        </step><!-- duration: 26ms -->
        <step title="PreDeployment: context.CleanOutputPath False" date="2025-09-03T09:13:35.691" >
          <step title="PreDeployment: context.OutputPath /home/site/wwwroot" date="2025-09-03T09:13:35.807" >
            <step title="Building" date="2025-09-03T09:13:35.939" >
              <step title="Executing external process" date="2025-09-03T09:13:36.290" type="process" path="starter.sh" arguments="/opt/Kudu/Scripts/parallel_rsync.sh /tmp/zipdeploy/extracted /home/site/wwwroot 8 /tmp/ False True  " >
                <step title="Cpu: rsync(871,0.650s)+rsync(859,0.180s)+rsync(846,0.630s)+bash(843,0.000s)+rsync(870,0.590s)+rsync(862,0.170s)+rsync(847,0.390s)+bash(844,0.000s)+rsync(874,0.670s)+rsync(861,0.190s)+rsync(850,0.530s)+bash(845,0.000s)+rsync(876,0.660s)+rsync(865,0.180s)+rsync(852,0.460s)+bash(848,0.000s)+rsync(872,0.660s)+rsync(860,0.180s)+rsync(853,0.480s)+bash(849,0.000s)+rsync(873,0.680s)+rsync(868,0.180s)+rsync(864,0.650s)+bash(851,0.000s)+rsync(875,0.620s)+rsync(867,0.180s)+rsync(855,0.410s)+bash(854,0.000s)+rsync(869,0.670s)+rsync(866,0.170s)+rsync(863,0.600s)+bash(857,0.000s)+xargs(842,0.000s)+parallel_rsync.sh(834,0.010s)=total(10.780s)" date="2025-09-03T09:14:37.484" /><!-- duration: 23ms -->
                <step title="starter.sh: no io activity for 61s, prev-cpu=-1.000s, current-cpu=10.780s" date="2025-09-03T09:14:37.541" /><!-- duration: 8ms -->
              </step><!-- duration: 144522ms -->
              <step title="Triggering recycle (preview mode disabled)." date="2025-09-03T09:16:01.126" /><!-- duration: 7ms -->
              <step title="Modified file to trigger a restart of the app container." date="2025-09-03T09:16:01.169" /><!-- duration: 5ms -->
              <step title="Skip function trigger and logicapp sync because function is not enabled." date="2025-09-03T09:16:01.180" /><!-- duration: 5ms -->
            </step><!-- duration: 146139ms -->
          </step><!-- duration: 146280ms -->
          <step title="Cleaning up temp files" date="2025-09-03T09:16:02.093" /><!-- duration: 26ms -->
          <step title="Cleaning up temp files" date="2025-09-03T09:16:02.126" /><!-- duration: 508ms -->
          <step title="Reloading status file with latest updates" date="2025-09-03T09:16:02.693" >
            <step title="WebHooksManager.PublishEventAsync: PostDeployment" date="2025-09-03T09:16:02.708" /><!-- duration: 62ms -->
          </step><!-- duration: 81ms -->
          <step title="Cleaning up temporary deployment - fetch deployment was successful" date="2025-09-03T09:16:02.804" /><!-- duration: 7ms -->
        </step><!-- duration: 147225ms -->
      </step><!-- duration: 148890ms -->
