<step title="Incoming Request" date="2025-09-02T07:09:41.214" instance="b87797" url="/api/zipdeploy?isAsync=true" method="POST" type="request" pid="768,1,5" Accept="*/*" Host="timesheet-api-prod.scm.azurewebsites.net" User-Agent="AZURECLI/2.71.0 (MSI)" Accept-Encoding="gzip, deflate" Authorization="Bas..." Cache-Control="no-cache" Content-Type="application/octet-stream" Content-Length="43560920" x-ms-client-request-id="b6f8f791-87cb-11f0-a3b1-70d823b98984" x-ms-artifact-checksum="075186f4fbc33f999b301b55830caccbfbbfa379f31cb8d07257786a5504c1c0" X-ARR-LOG-ID="b6f8f791-87cb-11f0-a3b1-70d823b98984" CLIENT-IP="159.28.251.61:62315" X-SITE-DEPLOYMENT-ID="timesheet-api-prod" WAS-DEFAULT-HOSTNAME="timesheet-api-prod.scm.azurewebsites.net" X-Forwarded-Proto="https" X-AppService-Proto="https" X-Forwarded-TlsVersion="1.3" X-WAWS-Unencoded-URL="/api/zipdeploy?isAsync=true" X-Client-IP="159.28.251.61" X-Client-Port="62315" >
  <step title="ZipPushDeploy" date="2025-09-02T07:09:41.628" >
    <step title="ZipDeploy. Extract zip." date="2025-09-02T07:09:41.635" /><!-- duration: 2ms -->
    <step title="None repository commit" date="2025-09-02T07:09:41.641" >
      <step title="Commit id: 3c244583-a94a-4105-b06d-fbf1ed17032b" date="2025-09-02T07:09:41.643" Message="N/A" AuthorName="N/A" AuthorEmail="N/A" /><!-- duration: 2ms -->
    </step><!-- duration: 6ms -->
    <step title="Starting PushDeployAsync" date="2025-09-02T07:09:41.648" /><!-- duration: 2ms -->
    <step title="Writing artifact to /tmp/zipdeploy/5ce4b9b9-9993-47e3-b8ab-15cc02c2b37b.zip" date="2025-09-02T07:09:41.658" >
      <step title="Writing multipart request body to /tmp/zipdeploy/5ce4b9b9-9993-47e3-b8ab-15cc02c2b37b.zip" date="2025-09-02T07:09:41.660" /><!-- duration: 2ms -->
    </step><!-- duration: 493ms -->
    <step title="Start deployment in the background" date="2025-09-02T07:09:42.300" >
      <step title="Acquiring Deployment Lock" date="2025-09-02T07:09:42.352" /><!-- duration: 3ms -->
      <step title="Acquired Deployment Lock" date="2025-09-02T07:09:42.404" /><!-- duration: 5ms -->
    </step><!-- duration: 211ms -->
  </step><!-- duration: 888ms -->
  <step title="Outgoing response" date="2025-09-02T07:09:42.523" type="response" statusCode="202" statusText="Accepted" /><!-- duration: 2ms -->
</step><!-- duration: 1313ms -->
