﻿<?xml version="1.0" encoding="utf-8"?>
<deployment>
  <id>6007824e-e932-4bc2-9aac-6f2f23ce4db0</id>
  <author>N/A</author>
  <deployer>GITHUB_ZIP_DEPLOY</deployer>
  <authorEmail>N/A</authorEmail>
  <message>{"type":"deployment","sha":"e449582ab5debee6721312861be1cb35a78675d8","repoName":"yamaken999/timesheet-api","actor":"yamaken999","slotName":"production","commitMessage":"feat: add root endpoint for health check"}</message>
  <progress></progress>
  <status>Success</status>
  <statusText></statusText>
  <lastSuccessEndTime>2025-09-03T14:35:17.6810118Z</lastSuccessEndTime>
  <receivedTime>2025-09-03T14:32:56.6458297Z</receivedTime>
  <startTime>2025-09-03T14:32:58.0472417Z</startTime>
  <endTime>2025-09-03T14:35:17.6810118Z</endTime>
  <complete>True</complete>
  <is_temp>False</is_temp>
  <is_readonly>True</is_readonly>
  <buildSummary />
</deployment>