﻿<?xml version="1.0" encoding="utf-8"?>
<deployment>
  <id>b4a13c59-9f36-4e6d-96d0-0784dcff6671</id>
  <author>N/A</author>
  <deployer>GITHUB_ZIP_DEPLOY</deployer>
  <authorEmail>N/A</authorEmail>
  <message>{"type":"deployment","sha":"3b525cce128cdd4ff1fcaa84336279ea7b0c8791","repoName":"yamaken999/timesheet-api","actor":"yamaken999","slotName":"production","commitMessage":"feat: add /holidays API endpoint"}</message>
  <progress></progress>
  <status>Success</status>
  <statusText></statusText>
  <lastSuccessEndTime>2025-09-03T14:49:02.5086751Z</lastSuccessEndTime>
  <receivedTime>2025-09-03T14:46:29.8607572Z</receivedTime>
  <startTime>2025-09-03T14:46:31.2733439Z</startTime>
  <endTime>2025-09-03T14:49:02.5086751Z</endTime>
  <complete>True</complete>
  <is_temp>False</is_temp>
  <is_readonly>True</is_readonly>
  <buildSummary />
</deployment>