﻿<?xml version="1.0" encoding="utf-8"?>
<deployment>
  <id>dd3feafc-d042-4043-8ce5-c404f9c42fb9</id>
  <author>N/A</author>
  <deployer>GITHUB_ZIP_DEPLOY</deployer>
  <authorEmail>N/A</authorEmail>
  <message>{"type":"deployment","sha":"b80642a54cc7e9354ff018c76550b7d78398893e","repoName":"yamaken999/timesheet-api","actor":"yamaken999","slotName":"production","commitMessage":"fix: update startup.sh to use Azure PORT env var"}</message>
  <progress></progress>
  <status>Success</status>
  <statusText></statusText>
  <lastSuccessEndTime>2025-09-03T09:16:01.5754932Z</lastSuccessEndTime>
  <receivedTime>2025-09-03T09:13:34.1415471Z</receivedTime>
  <startTime>2025-09-03T09:13:35.533288Z</startTime>
  <endTime>2025-09-03T09:16:01.5754932Z</endTime>
  <complete>True</complete>
  <is_temp>False</is_temp>
  <is_readonly>True</is_readonly>
  <buildSummary />
</deployment>