﻿<?xml version="1.0" encoding="utf-8"?>
<deployment>
  <id>72735cc6-9118-46a6-9a70-5c39ac74cfee</id>
  <author>N/A</author>
  <deployer>GITHUB_ZIP_DEPLOY</deployer>
  <authorEmail>N/A</authorEmail>
  <message>{"type":"deployment","sha":"3a55cb57d8a60838113e6a44ba7b8ec744f9014a","repoName":"yamaken999/timesheet-api","actor":"yamaken999","slotName":"production","commitMessage":"fix: startup.shで依存関係を確実にインストール"}</message>
  <progress></progress>
  <status>Success</status>
  <statusText></statusText>
  <lastSuccessEndTime>2025-09-03T06:00:50.7386472Z</lastSuccessEndTime>
  <receivedTime>2025-09-03T05:58:27.1639842Z</receivedTime>
  <startTime>2025-09-03T05:58:28.5383264Z</startTime>
  <endTime>2025-09-03T06:00:50.7386472Z</endTime>
  <complete>True</complete>
  <is_temp>False</is_temp>
  <is_readonly>True</is_readonly>
  <buildSummary />
</deployment>